Antara Residence,2022
AreTre Residences,2020
Bandar Mahkota Banting,
BAYU TASIK 1,1999
Canopy Hills,2022
Canopy hills,2022
desa cindaimas,1998
Gravit 8,2018
Gravit 8 Nordica,2020
Idaman abadi,2022
J DUPION JLN LOKE YEW KL,2018
Le Jardine,
Lumira,2022
Mahkota Garden Residence Condominium,
OUG Parklane,2015
Pandan Puteri Condominium,
Platinum Spelndor Residensi Semarak,2020
Selangor - Bandar Mahkota Cheras,
Taman OUG Parklane,2015
The iResidence Condominium,2016
Tropicana Aman 1,2020
Villa Pavilion Condo,2009
Vista Bangi,2021
"Vista Semarak Blok A, Kuala Lumpur",
Zamrud Residence,2019
